民國年,西元年,商品類型,諮詢件數,年度總件數,年度占比
109,2020,其他,1192,3950,30.1772
109,2020,房屋,670,3950,16.962
109,2020,車輛,377,3950,9.5443
109,2020,醫療器材,321,3950,8.1266
109,2020,電器及周邊產品,286,3950,7.2405
109,2020,服飾皮件及鞋類,209,3950,5.2911
109,2020,通訊及周邊產品,171,3950,4.3291
109,2020,食品,137,3950,3.4684
109,2020,化粧品,134,3950,3.3924
109,2020,家飾用品及家具廚具,66,3950,1.6709
109,2020,禮券,57,3950,1.443
109,2020,電腦及周邊產品,55,3950,1.3924
109,2020,玩具及遊戲軟體,47,3950,1.1899
109,2020,藥品,46,3950,1.1646
109,2020,能源產品,40,3950,1.0127
109,2020,文教用品,38,3950,0.962
109,2020,運動健身器材,27,3950,0.6835
109,2020,健康食品,23,3950,0.5823
109,2020,菸酒,19,3950,0.481
109,2020,出版品,11,3950,0.2785
109,2020,攝影機及周邊產品,6,3950,0.1519
109,2020,飲用水,5,3950,0.1266
109,2020,相機及周邊產品,5,3950,0.1266
109,2020,殯葬設施,5,3950,0.1266
109,2020,農產品,3,3950,0.0759
110,2021,其他,1014,3970,25.5416
110,2021,房屋,719,3970,18.1108
110,2021,車輛,387,3970,9.7481
110,2021,服飾皮件及鞋類,294,3970,7.4055
110,2021,電器及周邊產品,271,3970,6.8262
110,2021,食品,246,3970,6.1965
110,2021,通訊及周邊產品,191,3970,4.8111
110,2021,家飾用品及家具廚具,150,3970,3.7783
110,2021,化粧品,100,3970,2.5189
110,2021,醫療器材,96,3970,2.4181
110,2021,電腦及周邊產品,74,3970,1.864
110,2021,禮券,72,3970,1.8136
110,2021,健康食品,62,3970,1.5617
110,2021,玩具及遊戲軟體,57,3970,1.4358
110,2021,能源產品,39,3970,0.9824
110,2021,文教用品,38,3970,0.9572
110,2021,藥品,36,3970,0.9068
110,2021,運動健身器材,34,3970,0.8564
110,2021,菸酒,27,3970,0.6801
110,2021,出版品,23,3970,0.5793
110,2021,農產品,11,3970,0.2771
110,2021,殯葬設施,10,3970,0.2519
110,2021,攝影機及周邊產品,9,3970,0.2267
110,2021,相機及周邊產品,6,3970,0.1511
110,2021,飲用水,4,3970,0.1008
111,2022,其他,903,3445,26.2119
111,2022,房屋,718,3445,20.8418
111,2022,車輛,376,3445,10.9144
111,2022,電器及周邊產品,306,3445,8.8824
111,2022,服飾皮件及鞋類,207,3445,6.0087
111,2022,食品,166,3445,4.8186
111,2022,通訊及周邊產品,136,3445,3.9478
111,2022,家飾用品及家具廚具,134,3445,3.8897
111,2022,化粧品,83,3445,2.4093
111,2022,電腦及周邊產品,71,3445,2.061
111,2022,禮券,63,3445,1.8287
111,2022,玩具及遊戲軟體,47,3445,1.3643
111,2022,健康食品,39,3445,1.1321
111,2022,醫療器材,36,3445,1.045
111,2022,藥品,26,3445,0.7547
111,2022,能源產品,25,3445,0.7257
111,2022,文教用品,24,3445,0.6967
111,2022,運動健身器材,23,3445,0.6676
111,2022,出版品,15,3445,0.4354
111,2022,菸酒,12,3445,0.3483
111,2022,攝影機及周邊產品,10,3445,0.2903
111,2022,飲用水,9,3445,0.2612
111,2022,殯葬設施,7,3445,0.2032
111,2022,農產品,5,3445,0.1451
111,2022,相機及周邊產品,4,3445,0.1161
112,2023,其他,821,3679,22.3158
112,2023,房屋,765,3679,20.7937
112,2023,車輛,492,3679,13.3732
112,2023,電器及周邊產品,298,3679,8.1
112,2023,食品,283,3679,7.6923
112,2023,服飾皮件及鞋類,226,3679,6.143
112,2023,家飾用品及家具廚具,146,3679,3.9685
112,2023,通訊及周邊產品,128,3679,3.4792
112,2023,化粧品,86,3679,2.3376
112,2023,禮券,65,3679,1.7668
112,2023,健康食品,56,3679,1.5222
112,2023,電腦及周邊產品,49,3679,1.3319
112,2023,玩具及遊戲軟體,43,3679,1.1688
112,2023,文教用品,41,3679,1.1144
112,2023,醫療器材,39,3679,1.0601
112,2023,能源產品,34,3679,0.9242
112,2023,藥品,29,3679,0.7883
112,2023,出版品,19,3679,0.5164
112,2023,運動健身器材,13,3679,0.3534
112,2023,農產品,10,3679,0.2718
112,2023,殯葬設施,10,3679,0.2718
112,2023,菸酒,9,3679,0.2446
112,2023,攝影機及周邊產品,8,3679,0.2175
112,2023,相機及周邊產品,5,3679,0.1359
112,2023,飲用水,4,3679,0.1087
113,2024,房屋,879,3381,25.9982
113,2024,其他,488,3381,14.4336
113,2024,車輛,409,3381,12.097
113,2024,電器及周邊產品,313,3381,9.2576
113,2024,服飾皮件及鞋類,264,3381,7.8083
113,2024,食品,224,3381,6.6253
113,2024,家飾用品及家具廚具,170,3381,5.0281
113,2024,通訊及周邊產品,132,3381,3.9042
113,2024,化粧品,78,3381,2.307
113,2024,電腦及周邊產品,61,3381,1.8042
113,2024,能源產品,58,3381,1.7155
113,2024,健康食品,46,3381,1.3605
113,2024,玩具及遊戲軟體,44,3381,1.3014
113,2024,文教用品,39,3381,1.1535
113,2024,藥品,36,3381,1.0648
113,2024,醫療器材,33,3381,0.976
113,2024,禮券,28,3381,0.8282
113,2024,運動健身器材,17,3381,0.5028
113,2024,出版品,14,3381,0.4141
113,2024,攝影機及周邊產品,12,3381,0.3549
113,2024,農產品,9,3381,0.2662
113,2024,相機及周邊產品,9,3381,0.2662
113,2024,殯葬設施,7,3381,0.207
113,2024,菸酒,6,3381,0.1775
113,2024,飲用水,5,3381,0.1479
114,2025,房屋,766,3016,25.3979
114,2025,其他,512,3016,16.9761
114,2025,車輛,376,3016,12.4668
114,2025,電器及周邊產品,270,3016,8.9523
114,2025,服飾皮件及鞋類,229,3016,7.5928
114,2025,食品,170,3016,5.6366
114,2025,家飾用品及家具廚具,162,3016,5.3714
114,2025,通訊及周邊產品,85,3016,2.8183
114,2025,化粧品,62,3016,2.0557
114,2025,電腦及周邊產品,60,3016,1.9894
114,2025,能源產品,51,3016,1.691
114,2025,文教用品,41,3016,1.3594
114,2025,健康食品,40,3016,1.3263
114,2025,禮券,38,3016,1.2599
114,2025,玩具及遊戲軟體,37,3016,1.2268
114,2025,醫療器材,30,3016,0.9947
114,2025,藥品,28,3016,0.9284
114,2025,運動健身器材,14,3016,0.4642
114,2025,出版品,14,3016,0.4642
114,2025,農產品,7,3016,0.2321
114,2025,菸酒,6,3016,0.1989
114,2025,相機及周邊產品,5,3016,0.1658
114,2025,殯葬設施,5,3016,0.1658
114,2025,飲用水,4,3016,0.1326
114,2025,攝影機及周邊產品,4,3016,0.1326
